<?xml version="1.0" encoding="UTF-8" ?>
<extension type="package" version="3.1" method="upgrade">
	<name>jOpenSim Package</name>
	<creationDate>2018-08-23</creationDate>
	<author>FoTo50</author>
	<authorEmail>foto50@jopensim.com</authorEmail>
	<authorUrl>http://www.jopensim.com</authorUrl>
	<copyright>All rights reserved by FoTo50 2018</copyright>
	<license>GPL 2.0</license>
	<packagename>jopensim</packagename>
	<version>0.3.1.5</version>
	<url>https://www.jopensim.com</url>
	<packager>FoTo50</packager>
	<packagerurl>http://www.jopensim.com</packagerurl>
	<description>Webinterface for OpenSim Servers including all modules and plugins</description>

	<!-- Custom Install Script to execute -->
	<scriptfile>pkg_jopensim.install.php</scriptfile>

	<files folder="package">
		<file type="component" id="com_opensim" group="jopensim" client="administrator">com_opensim.0.3.2.0.zip</file>
		<file type="module" id="mod_opensim_admin" group="jopensim" client="administrator">mod_opensim_admin.0.3.1.4.zip</file>
		<file type="module" id="mod_opensim_balance" group="jopensim" client="site">mod_opensim_balance.0.3.1.1.zip</file>
		<file type="module" id="mod_opensim_events" group="jopensim" client="site">mod_opensim_events.0.3.1.4.zip</file>
		<file type="module" id="mod_opensim_friends" group="jopensim" client="site">mod_opensim_friends.0.3.1.2.zip</file>
		<file type="module" id="mod_opensim_gridstatus" group="jopensim" client="site">mod_opensim_gridstatus.0.3.1.5.zip</file>
		<file type="module" id="mod_opensim_regions" group="jopensim" client="site">mod_opensim_regions.0.3.1.5.zip</file>
		<file type="plugin" id="jopensim" group="quickicon" client="site">plg_jopensim_quickicon.0.3.0.10.zip</file>
		<file type="plugin" id="jopensimregister" group="user" client="site">plg_user_jopensimregister.0.3.1.5.zip</file>
	</files>

	<updateservers>
		<server type="collection" priority="1" name="jOpenSim Update Site">https://update.jopensim.com/jopensim_list.xml</server>
	</updateservers>
</extension>
