<?xml version="1.0" encoding="utf-8"?>
<extension method="upgrade" version="3.1" type="plugin" group="user">
	<name>User - jOpenSimRegister</name>
	<author>FoTo50</author>
    <creationDate>2019-12-08</creationDate>
	<copyright>(C) 2019 - FoTo50</copyright>
	<license>http://www.gnu.org/licenses/gpl-2.0.html GNU/GPL</license>
	<authorEmail>foto50@jopensim.com</authorEmail>
	<authorUrl>http://www.jopensim.com/</authorUrl>
	<version>0.3.1.5.3</version>
	<description>Plugin to enable instant OpenSim account creation during Joomla registration process</description>
	<scriptfile>script.jopensimregister.php</scriptfile>
	<languages folder="language">
		<language tag="en-GB" >en-GB.plg_user_jopensimregister.ini</language>
		<language tag="fr-FR" >fr-FR.plg_user_jopensimregister.ini</language>
		<language tag="it-IT" >it-IT.plg_user_jopensimregister.ini</language>
	</languages>
	<files>
		<filename plugin="jopensimregister">jopensimregister.php</filename>
		<folder>fields</folder>
		<folder>language</folder>
		<folder>layout</folder>
		<folder>profiles</folder>
	</files>
	<config>
		<fields name="params" addfieldpath="/administrator/components/com_content/models/fields">
			<fieldset name="basic">
				<field
					name="plgJopensimRegisterUser"
					type="list"
					default="normal"
					label="PLG_JOPENSIMREGISTER_USER_LABEL"
					description="PLG_JOPENSIMREGISTER_USER_DESC">
					<option value='optional'>PLG_JOPENSIMREGISTER_USER_OPTIONAL</option>
					<option value='required'>PLG_JOPENSIMREGISTER_USER_REQUIRED</option>
				</field>

				<field
					name="plgJopensimDeleteUser"
					type="radio"
					class="btn-group btn-group-yesno"
					default="1"
					label="PLG_JOPENSIMREGISTER_USERDELETE_LABEL"
					description="PLG_JOPENSIMREGISTER_USERDELETE_DESC">
					<option value="1">JYES</option>
					<option value="0">JNO</option>
				</field>

				<field
					name="plgJopensimDoRedirect"
					type="radio"
					class="btn-group btn-group-yesno"
					default="0"
					label="PLG_JOPENSIMREGISTER_DOREDIRECT"
					description="PLG_JOPENSIMREGISTER_DOREDIRECT_DESC">
					<option value="1">JYES</option>
					<option value="0">JNO</option>
				</field>

				<field
					name="plgJopensimGroupJoin"
					type="grouplist"
					label="PLG_JOPENSIMREGISTER_GROUPJOIN_LABEL"
					description="PLG_JOPENSIMREGISTER_GROUPJOIN_DESC"
				>
					<option value="-1">PLG_JOPENSIMREGISTER_NOGROUP</option>
				</field>

				<field
					name="plgJopensimRedirectAfter"
					type="menuitem" 
					label="PLG_JOPENSIMREGISTER_REDIRECT" 
					description="PLG_JOPENSIMREGISTER_REDIRECT_DESC" />

				<field
					name="plgJopensimAllowSameName"
					type="radio"
					class="btn-group btn-group-yesno"
					default="0"
					label="PLG_JOPENSIMREGISTER_ALLOWSAMENAME"
					description="PLG_JOPENSIMREGISTER_ALLOWSAMENAME_DESC">
					<option value="1">JYES</option>
					<option value="0">JNO</option>
				</field>

			</fieldset>
			<fieldset name="JOPENSIM_REGISTER_AVATAR" addfieldpath="/plugins/user/jopensimregister/fields">
				<field
					name="plgJopensimRegisterAvatarSelect"
					type="radio"
					class="btn-group btn-group-yesno"
					default="0"
					label="PLG_JOPENSIMREGISTER_AVATARSELECT_LABEL"
					description="PLG_JOPENSIMREGISTER_AVATARSELECT_DESC">
					<option value="1">JYES</option>
					<option value="0">JNO</option>
				</field>

				<field
					name="plgJopensimRegisterAvatarArticle"
					type="modal_article"
					label="PLG_JOPENSIMREGISTER_AVATAR_ARTICLE_LABEL"
					description="PLG_JOPENSIMREGISTER_AVATAR_ARTICLE_DESC"
					showon="plgJopensimRegisterAvatarSelect:1" />

				<field
					name="plgJopensimRegisterAvatar"
					type="avatarlist"
					label="PLG_JOPENSIMREGISTER_AVATAR_LABEL"
					description="PLG_JOPENSIMREGISTER_AVATAR_DESC"
					showon="plgJopensimRegisterAvatarSelect:1"
					multiple="true">
					<option value="1">1</option>
					<option value="0">2</option>
				</field>

				<field
					name="plgJopensimRegisterAvatarColumns"
					type="number"
					default="2"
					label="PLG_JOPENSIMREGISTER_AVATAR_COLUMNS"
					description="PLG_JOPENSIMREGISTER_AVATAR_COLUMNS_DESC"
					showon="plgJopensimRegisterAvatarSelect:1" />

				<field
					name="plgJopensimRegisterAvatarWidth"
					type="number"
					default="256"
					label="PLG_JOPENSIMREGISTER_AVATAR_WIDTH"
					description="PLG_JOPENSIMREGISTER_AVATAR_WIDTH_DESC"
					showon="plgJopensimRegisterAvatarSelect:1" />

				<field
					name="plgJopensimRegisterAvatarWidthStyle"
					type="radio"
					class="btn-group btn-group-yesno"
					default="no"
					showon="plgJopensimRegisterAvatarSelect:1"
					label="PLG_JOPENSIMREGISTER_AVATAR_WIDTHSTYLE"
					description="PLG_JOPENSIMREGISTER_AVATAR_WIDTHSTYLE_DESC">
					<option value="px">px</option>
					<option value="%">%</option>
				</field>

				<field
					name="plgJopensimRegisterAvatarColumnspace"
					type="number"
					default="10"
					label="PLG_JOPENSIMREGISTER_AVATAR_COLUMNSPACE"
					description="PLG_JOPENSIMREGISTER_AVATAR_COLUMNSPACE_DESC"
					showon="plgJopensimRegisterAvatarSelect:1" />
			</fieldset>
			<fieldset name="PLG_JOPENSIMREGISTER_ADVANCED" addfieldpath="/plugins/user/jopensimregister/fields">
				<field
					name="plgjOpenSimRegisterNote1"
					type="note"
					label="PLG_JOPENSIMREGISTER_ACTIVATIONNOTE"
				/>
				<field
					name="plgJopensimRegisterActivation"
					type="radio"
					class="btn-group btn-group-yesno"
					default="0"
					label="PLG_JOPENSIMREGISTER_ACTIVATION"
					description="PLG_JOPENSIMREGISTER_ACTIVATION_DESC">
					<option value="1">JYES</option>
					<option value="0">JNO</option>
				</field>
				<field
					name="plgJopensimRegisterBlocksync"
					type="radio"
					class="btn-group btn-group-yesno"
					default="0"
					label="PLG_JOPENSIMREGISTER_BLOCKSYNC"
					description="PLG_JOPENSIMREGISTER_BLOCKSYNC_DESC">
					<option value="1">JYES</option>
					<option value="0">JNO</option>
				</field>
				<field
					name="plgJopensimRegisterActivationLevel"
					type="list"
					default="0"
					label="PLG_JOPENSIMREGISTER_ACTIVATION_LEVEL"
					description="PLG_JOPENSIMREGISTER_ACTIVATION_LEVEL_DESC"
					showon="plgJopensimRegisterActivation:1[OR]plgJopensimRegisterBlocksync:1">
						<option value="0">PLG_JOPENSIMREGISTER_ACTIVATION_LEVEL_REGULAR</option>
						<option value="100">PLG_JOPENSIMREGISTER_ACTIVATION_LEVEL_MAINTENANCE</option>
				</field>
				<field
					name="plgJopensimRegisterPwdsync"
					type="radio"
					class="btn-group btn-group-yesno"
					default="0"
					label="PLG_JOPENSIMREGISTER_PWDSYNC"
					description="PLG_JOPENSIMREGISTER_PWDSYNC_DESC">
					<option value="1">JYES</option>
					<option value="0">JNO</option>
				</field>
				<field
					name="plgjOpenSimRegisterNote1"
					type="note"
					label="PLG_JOPENSIMREGISTER_UPDATES"
				/>
				<field
					name="plgJopensimRegisterAgeverification"
					type="radio"
					class="btn-group btn-group-yesno"
					default="0"
					label="PLG_JOPENSIMREGISTER_AGEVERIFICATION"
					description="PLG_JOPENSIMREGISTER_AGEVERIFICATION_DESC">
					<option value="1">JYES</option>
					<option value="0">JNO</option>
				</field>
			</fieldset>
		</fields>
	</config>
 <updateservers>
		<server type="collection" priority="1" name="jOpenSim Update Site">https://update.jopensim.com/jopensim_list.xml</server>
 </updateservers>
</extension>